email,first_name,last_name,employee_number,relay_guid,key_guid,
adah@kling.biz,Adah,Huels,10,f5472481-bcee-4e9b-b7ad-00407b0eb04f,a7d48686-8385-42d6-8cd7-9f33adfab03,2
verner@dickinson.info,Verner,Gleichner,20,0dbb4675-e2be-47ae-b97b-df1d91707cf0,4f580e9a-ebfe-4dd2-9f42-2ecf6faa60c3,1
stacey@jacobson.com,Stacey,Sanford,30,c77b9026-ec98-467a-963a-5877816724af,c77b9026-ec98-467a-963a-5877816724af,2
tyree@von.co,Tyree,Gerhold,40,b84972ff-ba8b-4ffc-a73c-4f4bfab96ab4,b48863cf-0442-4adc-844f-ea91542fb518,1
miguel@mayert.name,Miguel,Bergstrom,50,9f53c239-9a27-4a2e-9de5-3cdf39b71343,9f53c239-9a27-4a2e-9de5-3cdf39b71343,1
rafaela@kshlerin.biz,Rafaela,Williamson,60,cd7713d2-42f3-4481-8aa2-604837cb9d15,c1e7669a-38ba-468b-8418-e6b92afa713f,1
ike@green.io,Ike,McClure,70,af053b17-5665-4271-b3fc-69a12702b951,af053b17-5665-4271-b3fc-69a12702b951,1
kyra@deckowhansen.com,Kyra,Crooks,80,69682555-8c72-48bd-be28-84f6e9e680cb,55638c7f-f708-437e-8bb7-62771fdfd5f4,1
brandyn@heelbednar.name,Brandyn,Bauch,90,ce6a85e7-a523-44fc-a4e0-6f29e19ac83b,ce6a85e7-a523-44fc-a4e0-6f29e19ac83b,1
susanna@witting.co,Susanna,Witting,100,c54702be-8a1f-4e1d-b9ac-1a5e3a3ac862,b4d45dec-e39c-4997-8428-c6458f1e9429,1
helena@kerlukekub.com,Helena,Ratke,110,073c826c-10d7-4c4d-8b8e-2a2eabdfba64,073c826c-10d7-4c4d-8b8e-2a2eabdfba64,1
lee@rau.info,Lee,Weber,120,df46deb9-7211-42b5-8bca-b57898c45dd4,75fb88ba-c838-4207-8f4d-5f85448ce8a4,1
watson@bahringeroreilly.net,Watson,Ruecker,130,6bcb06a2-bb64-4a5a-a27c-7094ccbc5161,6bcb06a2-bb64-4a5a-a27c-7094ccbc5161,1
kamille@klocko.io,Kamille,Donnelly,140,2bfb45b8-08ec-4bcc-a7aa-d8783b8ac5bf,40f9d58d-11a3-4e75-8377-5d322bc01639,1
fae@fadel.net,Fae,Jacobi,150,8edf1658-d6ad-4b4f-8d91-992d0971dde7,8edf1658-d6ad-4b4f-8d91-992d0971dde7,1
flo@keebler.com,Flo,Jaskolski,160,85718cbd-91b0-420d-8160-202ca5652ec4,bf6a1d7c-1024-4c52-9373-d7ec69f639c8,1
lupe@bartell.net,Lupe,Rau,170,1ca9de2c-0a4b-4355-8dfb-294576756e19,1ca9de2c-0a4b-4355-8dfb-294576756e19,2
gayle@braun.io,Gayle,Bode,180,e77e2bf3-76cf-4799-81c7-7196c5e77ad6,d80b1a24-4029-49a2-8405-6c21100ca694,1
keaton@abshire.co,Keaton,Emmerich,190,eab37d49-3dbd-4a18-afe1-84f7a25bae67,eab37d49-3dbd-4a18-afe1-84f7a25bae67,1
mafalda@schmidt.co,Mafalda,Mohr,200,075fc608-8dd2-4010-bd00-3423fe5d1c67,2da02d7c-fc57-44f7-93a6-24f394248c94,1
saige@okon.name,Saige,Mohr,210,42021b12-a8c2-431c-a156-54fd7de87449,42021b12-a8c2-431c-a156-54fd7de87449,2
aliza@spencer.biz,Aliza,Barrows,220,a3c2410a-1193-4a60-aaac-8e2cfa9eba46,4f806cdc-f708-407d-828a-040f5a5955c9,1
melvin@olson.org,Melvin,Turner,230,5c7a78ac-bcb5-4593-94d7-f566639b6982,5c7a78ac-bcb5-4593-94d7-f566639b6982,1
abbey@koelpinmertz.io,Abbey,Donnelly,240,d13a02de-e753-4202-814d-97e2acb8a7c3,cf5684b0-8826-45b2-a9d3-f75aa4adcfbf,2
otha@abernathy.org,Otha,Strosin,250,368e03e4-a2c5-47b1-8233-a710705804e9,368e03e4-a2c5-47b1-8233-a710705804e9,1
gunnar@gulgowski.co,Gunnar,Blick,260,a91087be-a876-4953-b54d-930b5004f4fd,9aebe2b3-f9d0-4957-9c39-ea95b929637e,1
winona@pfeffer.info,Winona,Marvin,270,5b68a57c-705a-49e1-aec0-56244092e4ac,5b68a57c-705a-49e1-aec0-56244092e4ac,1
ova@bernier.io,Ova,Boyle,280,fc9ff4ed-0f8a-4d5c-9a92-4d97206de442,be35d533-1412-425f-b83a-2912d6530b8d,2
brown@collierstanton.com,Brown,Kemmer,290,d0b9e7c5-cc1d-4b20-b85d-fd005e4ef117,d0b9e7c5-cc1d-4b20-b85d-fd005e4ef117,1
wilhelmine@baileyterry.co,Wilhelmine,Sanford,300,72bb661b-5137-48ac-a582-75c410f048c0,66f48717-9b87-48eb-8cd0-b1a3fedd3596,1
rosina@prohaska.org,Rosina,Kulas,310,22adcc4f-9c61-435b-aba3-9e59a91ed399,22adcc4f-9c61-435b-aba3-9e59a91ed399,1
fritz@walsh.org,Fritz,Ward,320,4adb80fc-e8ee-42b2-a523-c0f9a0f61b4e,0f7dce3f-fb84-44bd-801b-d1931d5124ec,1
adele@sawaynschultz.com,Adele,Bernhard,330,a85a08cc-8ff1-469d-9272-ee82f2305054,a85a08cc-8ff1-469d-9272-ee82f2305054,1
roscoe@ferry.biz,Roscoe,Sauer,340,55c46585-af53-4215-a83f-cc005c38771d,1d1f5f5b-3a60-4a70-a485-32e371f5e5bb,1
bernadette@carroll.io,Bernadette,Powlowski,350,b7329450-1290-4331-a6a2-97ba749ba9bb,b7329450-1290-4331-a6a2-97ba749ba9bb,1
joanny@bergstromhahn.org,Joanny,Dickens,360,1e6eec90-d9a3-4489-b5ba-ab29da1b6227,c7ac6958-4c9c-407f-9ca1-7f2d3744d0d7,2
ole@boyer.net,Ole,Zulauf,370,1384c3b1-2914-435b-9507-4c663a7b8f6c,1384c3b1-2914-435b-9507-4c663a7b8f6c,1
jammie@mertzwilkinson.io,Jammie,Gottlieb,380,cdf5116f-b7fc-474f-8c50-ef9512feb490,470e53cb-4e93-4558-a441-8edd6f82155f,1
eusebio@yundt.biz,Eusebio,Hagenes,390,b4b139c9-e8cc-4a8e-8eb1-9c7f0397fde3,b4b139c9-e8cc-4a8e-8eb1-9c7f0397fde3,1
arianna@dach.co,Arianna,Schaden,400,89cb8487-3359-4c05-90c4-423026980bb0,6edfb5e8-1719-4a7c-9a23-93549606ecf5,1
pauline@goldner.co,Pauline,Gleason,410,9cc8f2aa-4147-4c74-9f73-261454e4b8d9,9cc8f2aa-4147-4c74-9f73-261454e4b8d9,1
clinton@emard.net,Clinton,Reilly,420,c6fe6a70-7ff5-4854-b85a-1ad88380364a,a865a5d2-aca1-41a8-ae50-c0cd8a8353e1,1
malika@schillerschmidt.org,Malika,Nienow,430,a9e32999-61f4-47c1-b4b9-ce822be1d37d,a9e32999-61f4-47c1-b4b9-ce822be1d37d,1
ivy@lindgrenauer.com,Ivy,Cummerata,440,bace1f05-14f9-4ac6-a49e-7159cc513b09,50c83feb-f141-4e9e-a6f4-93afae2fbb3e,1
manley@kertzmann.name,Manley,Armstrong,450,119fbc43-f2e1-479a-944e-9b87939b447c,119fbc43-f2e1-479a-944e-9b87939b447c,1
naomie@spinka.co,Naomie,Zieme,460,06025696-4b7b-454b-8649-5ff819230c4a,0e325c7b-9de8-40d6-bcc7-58a79534dd37,1
raymond@johnson.io,Raymond,Wiegand,470,9c575b84-0003-4727-a688-a6a164a50911,9c575b84-0003-4727-a688-a6a164a50911,1
danny@gleichner.net,Danny,Brakus,480,839a3850-2397-4558-b1ee-c40463d58e78,b2710032-b4bd-41e7-bf79-e1086b954230,1
federico@hirthe.name,Federico,Zemlak,490,29c41bb3-876e-427b-a144-d7ee731adb9d,29c41bb3-876e-427b-a144-d7ee731adb9d,1
araceli@walsh.net,Araceli,McKenzie,500,0353a4f3-4942-439f-a694-922ca51b37dc,a17693e0-9a26-442e-a690-64f29712d257,1
muhammad@quigley.info,Muhammad,Douglas,510,665c94fb-ec32-4c7b-87dd-6c1ddc72acdd,665c94fb-ec32-4c7b-87dd-6c1ddc72acdd,1
karine@roob.org,Karine,Huel,520,4223b25a-8380-4336-a8b1-da955ac71178,61674b49-63d8-4fd4-ae1c-42ff9dea30d3,1
herminia@mitchell.com,Herminia,Carroll,530,30e810f8-2101-4a41-b78d-59d35fc438b0,30e810f8-2101-4a41-b78d-59d35fc438b0,1
anais@hansen.org,Anais,Homenick,540,c857cb61-77e2-41c8-9405-8c206f7745f9,cc6fbca2-6ee4-431f-9a75-1f79ad216b2b,1
linwood@boyer.net,Linwood,Paucek,550,97a1faee-1494-4d73-9776-f453b302f547,97a1faee-1494-4d73-9776-f453b302f547,1
hilton@leuschke.biz,Hilton,Paucek,560,9701e9b5-572d-486a-875f-766e043bd50a,08d07dbd-367d-4d17-9389-87714bf04b6d,1
leland@dubuque.org,Leland,O'Kon,570,98d0bed6-4e33-463f-9e24-0fd437f2af36,98d0bed6-4e33-463f-9e24-0fd437f2af36,1
beulah@oconner.io,Beulah,Champlin,580,cecd6767-046f-4d30-8a26-0242b7eb19b3,f89f134e-ac1c-4a33-bb42-16a826bddc9e,1
jerrod@ferry.info,Jerrod,Nader,590,09b8b399-7638-4a30-a949-43b33855501c,09b8b399-7638-4a30-a949-43b33855501c,1
dax@legros.info,Dax,Schmidt,600,8318e7e7-8361-46ce-9cc0-eeeca7219f6b,32b0e634-24df-4161-91a8-877200c801d9,1
alysha@braun.name,Alysha,Hirthe,610,e424d0d4-cccb-45c5-bd3f-b7136e530f34,e424d0d4-cccb-45c5-bd3f-b7136e530f34,1
penelope@ruel.info,Penelope,Sauer,620,339f524a-a7f3-4312-8924-07d2ccb315ec,bb55dee5-056a-49f9-b728-e0b459029b08,1
wilton@beer.com,Wilton,O'Conner,630,21877ab7-8818-4f5a-8f00-0e3c0d4c30ae,21877ab7-8818-4f5a-8f00-0e3c0d4c30ae,1
hortense@schmeler.org,Hortense,O'Keefe,640,7d45eb38-8e26-4172-8791-bc1e3863279c,bd9b2a0a-1fd0-4f75-9abe-d460b6282fc6,1
jade@brakuchaden.net,Jade,Rosenbaum,650,4008a796-c85f-4b93-82e0-87defb6d568b,4008a796-c85f-4b93-82e0-87defb6d568b,1
derek@leffler.name,Derek,Johns,660,a26e7691-02b7-440c-b7e3-81398e26cd3d,0ffd38a1-abe5-4eed-86d4-50c48c9a7ab7,1
nellie@hills.name,Nellie,Rolfson,670,de03cfea-5913-4f62-aff0-87dc27a8e0b6,de03cfea-5913-4f62-aff0-87dc27a8e0b6,1
lisa@okuneva.co,Lisa,Schaefer,680,7212b12e-7889-4e76-a6f6-e66dea43bc5a,efcfe003-ebf0-4130-bd25-0d174e2d2571,1
bernie@bartoletti.co,Bernie,Thiel,690,e76cf24b-b8e3-47fa-9ce8-b5fb82b34222,e76cf24b-b8e3-47fa-9ce8-b5fb82b34222,1
lennie@howe.name,Lennie,Roberts,700,9ed5c75b-efd2-459f-be2d-3bde891b3c71,5087c046-6684-4b5a-acfb-4cfd7cf589c8,1
veronica@rohan.io,Veronica,Raynor,710,75a6174a-f1dc-4c76-9db5-8970350be331,75a6174a-f1dc-4c76-9db5-8970350be331,1
dane@anderson.co,Dane,Kautzer,720,2b7a859b-7231-4237-b41b-f10943d53f24,4b1f28a6-edfc-48a0-b9c7-9013d0dd9b8d,1
alexander@willms.io,Alexander,Toy,730,c85abe1a-e45f-464e-807d-e512fafbe8cf,c85abe1a-e45f-464e-807d-e512fafbe8cf,2
margaret@oreilly.io,Margaret,Williamson,740,5dc7af35-c55e-4389-a6b1-9070d388c571,54d46f17-7f78-4ea4-9761-1f45508854a6,1
jeffry@legroimonis.org,Jeffry,Frami,750,2e7b2604-62aa-4d35-82e0-f52cefd0ec6d,2e7b2604-62aa-4d35-82e0-f52cefd0ec6d,1
isobel@wehnerschuster.org,Isobel,Mills,760,04fe3861-a2f5-458e-8af1-194753dbaa4f,8e0d5779-60a6-485d-9bd7-21de2b76297a,2
pierre@wunschkuhic.com,Pierre,Berge,770,ca354e8f-33e1-44d0-ae6c-0b7643dd2a13,ca354e8f-33e1-44d0-ae6c-0b7643dd2a13,1
charles@becker.co,Charles,Wiza,780,331b07bd-e39d-44b5-a06a-0c0abbce5f5e,4131de0a-af71-4475-9818-f3ca8c0e9661,2
tina@nolan.org,Tina,Gislason,790,5a6b27ff-50ee-44d1-b221-bfdfe1a570a4,5a6b27ff-50ee-44d1-b221-bfdfe1a570a4,1
marietta@lueilwitz.info,Marietta,Stamm,800,a8d4fb4f-b8d9-40a8-85c9-f4d763627cb7,a2efee69-5839-49fa-a12b-3bb85d009400,1
uriah@gleasonadams.io,Uriah,Emmerich,810,b7ea8fa6-68d2-43cf-bbea-188c2745d39a,b7ea8fa6-68d2-43cf-bbea-188c2745d39a,2
peter@mueller.info,Peter,Towne,820,11a15672-3a3f-44ff-ae19-01d9decb56b1,d8023382-15e9-4b33-806a-b176bbf63301,1
karolann@green.org,Karolann,Zemlak,830,79112fca-5e72-4017-82c3-d63a9d8f8de8,79112fca-5e72-4017-82c3-d63a9d8f8de8,1
jensen@larsonmcclure.org,Jensen,Schmeler,840,80aa2d09-29a1-4978-82da-c436748390c5,72b5ba6f-a319-4225-80b6-98e73a0d0475,1
claud@bashirian.co,Claud,Wolff,850,f51369f1-b638-4675-a9cb-27c2d5146d62,f51369f1-b638-4675-a9cb-27c2d5146d62,1
ettie@roob.co,Ettie,Hoeger,860,dbb740f1-bb90-4a98-ae70-c8b20434cd1f,860c3265-3cda-4872-8a57-f586832d3b07,1
april@harvey.net,April,Cormier,870,3a769063-3331-4b79-b03b-ec6937a50518,3a769063-3331-4b79-b03b-ec6937a50518,1
alexandria@rowe.net,Alexandria,McKenzie,880,86780a15-2acf-4a7a-9724-41c5c3287b8e,a4570dda-2675-42c5-93da-7b08cfd69353,1
gay@wintheiserleuschke.biz,Gay,Gislason,890,128ef05d-e0f3-41c5-b3f4-e0b01aa9d261,128ef05d-e0f3-41c5-b3f4-e0b01aa9d261,1
pearlie@jenkins.io,Pearlie,Bergnaum,900,3b471b29-521f-4f5f-96a7-6e95b3880fb9,61a73a68-52b7-47c5-a9d9-f65396c791b8,1
dasia@shields.name,Dasia,Trantow,910,479ec1d4-a5c7-4c0a-ae4d-200caf02b591,479ec1d4-a5c7-4c0a-ae4d-200caf02b591,1
priscilla@herzog.com,Priscilla,Franecki,920,3c7c545d-b5d6-4f5b-84a7-844d94697e42,70591eff-5bfa-47a5-bbe7-4f1db4c279ba,1
misty@botsford.info,Misty,Kessler,930,6c0b778b-f940-491a-b37b-2a7a1b58d2ac,6c0b778b-f940-491a-b37b-2a7a1b58d2ac,1
edgardo@parisian.co,Edgardo,Kunde,940,30b3f886-9bb4-4236-9639-200b9640094b,ec1162dd-5f88-4ec7-96c3-b3ca68fb8a34,1
glennie@oconnellnicolas.com,Glennie,Dickinson,950,150e4ac9-fcb4-40c1-b6b7-eb08a958bfe6,150e4ac9-fcb4-40c1-b6b7-eb08a958bfe6,1
kailee@pollich.net,Kailee,Vandervort,960,59922e56-b60c-449b-95fa-da273e148318,21ee2708-0c2d-4394-b33d-5395623b3588,1
wilfred@oconnerschulist.org,Wilfred,Fadel,970,af6e3996-46ac-4504-b27f-da86a1174824,af6e3996-46ac-4504-b27f-da86a1174824,1
wilburn@quigley.org,Wilburn,Dach,980,ac8365cf-f2be-4a85-9c1e-46472b85714e,8cf01118-90a6-474c-a479-6cff17f8ba8f,1
fritz@reynolds.io,Fritz,Koepp,990,4da41e93-78e0-4369-9214-08088728d959,4da41e93-78e0-4369-9214-08088728d959,1
rosie@satterfield.com,Rosie,Schmidt,1000,70c4e8e6-6b60-441a-92a1-f5587291b4be,4fb8e4e1-6e1e-4323-a2ef-508f67184c8c,2
